workers,tasks,runtime
2,50,13.469797
4,50,8.000061
8,50,4.785936
16,50,3.539710
2,100,13.436184
4,100,7.508644
8,100,4.583684
16,100,3.206244
